{"cameraMode":{"drawMode":0,"name":"Shaded","section":"Shading Mode"},"sceneLighting":false,"audioPlay":false,"sceneViewState":{"m_AlwaysRefresh":false,"showFog":true,"showSkybox":false,"showFlares":true,"showImageEffects":true,"showParticleSystems":true,"showVisualEffectGraphs":true,"m_FxEnabled":true},"in2DMode":false,"pivot":{"x":0.5509459376335144,"y":3.610059976577759,"z":0.12787123024463654},"rotation":{"x":0.09045704454183579,"y":-0.02719002030789852,"z":0.002464626682922244,"w":0.9955848455429077},"size":4.777662754058838,"orthographic":false}